0;;
1;;
2;;
3;;0,0:18,0:36,0:54,0:72,0:90,0:144,0:108,0:126,0:162,0:180,0:198,0:216,0:234,0:252,0:270,0:288,0:306,0:324,0:342,0:360,0:378,0:396,0
4;1,1;0,0:22,0:44,0:66,0:88,0:110,0:0,22:22,22:44,22:66,22:88,22:110,22:0,44:22,44:44,44:66,44:88,44:110,44:0,66:22,66:44,66:66,66:88,66:110,66:0,88:22,88:44,88:66,88:88,88:110,88:0,110:22,110:44,110:66,110:88,110:110,110:0,132:22,132:44,132:66,132:88,132:110,132:0,154:22,154:44,154:66,154:88,154:110,154:0,176:22,176:44,176:66,176:88,176:110,176:0,198:22,198:44,198:66,198:88,198:110,198:0,220:22,220:44,220:66,220:88,220:110,220:0,242:22,242:44,242:66,242:88,242:110,242:0,264:22,264:44,264:66,264:88,264:110,264:0,286:22,286:44,286:66,286:88,286:110,286:0,308:22,308:44,308:66,308:88,308:110,308:0,330:22,330:44,330:66,330:88,330:110,330
5;;22,198:22,220:22,242:0,0:22,0:44,0:66,0:88,0:110,0:132,0:154,0:0,22:22,22:44,22:66,22:88,22:110,22:132,22:154,22:0,44:22,44:44,44:66,44:88,44:110,44:132,44:154,44:0,66:22,66:44,66:66,66:88,66:110,66:132,66:154,66:0,88:22,88:44,88:66,88:88,88:110,88:132,88:154,88:0,110:22,110:44,110:66,110:88,110:110,110:132,110:154,110:0,132:22,132:44,132:66,132:88,132:132,132:154,132:0,154:22,154:44,154:66,154:88,154:132,154:154,154:0,176:22,176:44,176:66,176:88,176:132,176:154,176:0,198:0,220:0,242:22,198:22,220:22,242:44,198:44,220:44,242:66,198:66,220:66,242
6;;
7;;
8;;
9;;
10;1,3;0,0:18,0:36,0:0,54:18,54:36,54:0,108:18,108:36,108:0,162:18,162:36,162:0,216:18,216:36,216:0,270:18,270:36,270:0,324:18,324:36,324:0,378:18,378:36,378:0,432:18,432:36,432:0,486:18,486:36,486:0,540:18,540:36,540:0,594:18,594:36,594:0,648:18,648:36,648:0,702:18,702:36,702:0,756:18,756:36,756:0,810:18,810:36,810:0,864:18,864:36,864:0,918:18,918:36,918:0,972:18,972:36,972:0,1026:18,1026:36,1026:0,1080:18,1080:36,1080:0,1134:18,1134:36,1134:0,1188:18,1188:36,1188:0,1242:18,1242:36,1242:0,1296:18,1296:36,1296:0,1350:18,1350:36,1350:0,1404:18,1404:36,1404:0,1458:18,1458:36,1458:0,1512:18,1512:36,1512:0,1566:18,1566:36,1566:0,1620:18,1620:36,1620:0,1674:18,1674:36,1674:0,1728:18,1728:36,1728:0,1782:18,1782:36,1782:0,1836:18,1836:36,1836:0,1890:18,1890:36,1890:54,0:72,0:90,0
11;2,3;0,0:36,0:0,54:36,54:0,108:36,108:0,162:36,162:0,216:36,216:0,270:36,270:0,324:36,324:0,378:36,378:0,432:36,432:0,486:36,486:0,540:36,540:0,648:36,648:0,702:36,702:0,756:36,756:0,810:36,810:0,864:36,864:0,918:36,918:0,972:36,972:0,1026:36,1026:0,1080:36,1080:0,1134:36,1134:0,1188:36,1188:0,1242:36,1242:0,1296:36,1296:0,1350:36,1350:0,1404:36,1404:0,1458:36,1458:0,1512:36,1512:0,1566:36,1566:0,1620:36,1620:0,1674:36,1674:0,1728:36,1728:0,1782:36,1782:0,1836:36,1836:0,1890:36,1890:72,0:108,0
12;2,2;0,0
13;;0,0:18,0:36,0:54,0:72,0:90,0:108,0:126,0:144,0
14;3,2;0,0:54,0:108,0:162,0:216,0:270,0:324,0:378,0:432,0:486,0:540,0:594,0:648,0:702,0:756,0:810,0:864,0:918,0:972,0:1026,0:1080,0:1134,0:1188,0:1242,0:1296,0:1350,0:1404,0:1458,0:1512,0:1566,0:1620,0:1674,0:1728,0:1782,0:1836,0
15;1,2;0,0:18,0:0,40:18,40:0,80:18,80:0,120:18,120:0,160:18,160:0,200:18,200:0,240:18,240:0,280:18,280:0,320:18,320:0,360:18,360:0,400:18,400:0,440:18,440:0,480:18,480:0,520:18,520:0,560:18,560:0,600:18,600:0,640:18,640:0,680:18,680:0,720:18,720:0,760:18,760:0,800:18,800:0,840:18,840:0,880:18,880:0,920:18,920:0,960:18,960:0,1000:18,1000:0,1040:18,1040:0,1080:18,1080:0,1120:18,1120:0,1160:18,1160:0,1200:18,1200:0,1240:18,1240:0,1280:18,1280:0,1320:18,1320:0,1360:18,1360:0,1400:18,1400:0,1440:18,1440
16;2,1;0,0:36,0
17;3,2;
18;2,1;0,0:36,0:72,0:108,0:144,0:180,0:216,0:252,0:288,0:324,0:360,0:396,0:432,0:468,0:504,0:540,0:576,0:612,0:648,0:684,0:720,0:756,0:792,0:828,0:864,0:900,0:936,0:972,0:1008,0:1044,0:1080,0:1116,0:1152,0
19;;0,0:18,0:36,0:54,0:72,0:90,0:108,0:126,0:144,0:162,0:180,0:198,0:216,0:234,0:252,0:270,0:288,0:306,0:324,0:342,0:360,0:378,0:396,0:414,0:432,0:450,0:468,0:0,18:18,18:36,18:54,18:72,18:90,18:108,18:126,18:144,18:162,18:180,18:198,18:216,18:234,18:252,18:270,18:288,18:306,18:324,18:342,18:360,18:378,18:396,18:414,18:432,18:450,18:468,18:0,36:18,36:36,36:54,36:72,36:90,36:108,36:126,36:144,36:162,36:180,36:198,36:216,36:234,36:252,36:270,36:288,36:306,36:324,36:342,36:360,36:378,36:396,36:414,36:432,36:450,36:468,36:0,54:18,54:36,54:54,54:72,54:90,54:108,54:126,54:144,54:162,54:180,54:198,54:216,54:234,54:252,54:270,54:288,54:306,54:324,54:342,54:360,54:378,54:396,54:414,54:432,54:450,54:468,54:0,72:18,72:36,72:54,72:72,72:90,72:108,72:126,72:144,72:162,72:180,72:198,72:216,72:234,72:252,72:270,72:288,72:306,72:324,72:342,72:360,72:378,72:396,72:414,72:432,72:450,72:468,72:0,90:18,90:36,90:54,90:72,90:90,90:108,90:126,90:144,90:162,90:180,90:198,90:216,90:234,90:252,90:270,90:288,90:306,90:324,90:342,90:360,90:378,90:396,90:414,90:432,90:450,90:468,90:0,108:18,108:36,108:54,108:72,108:90,108:108,108:126,108:144,108:162,108:180,108:198,108:216,108:234,108:252,108:270,108:288,108:306,108:324,108:342,108:360,108:378,108:396,108:414,108:432,108:450,108:468,108:0,126:18,126:36,126:54,126:72,126:90,126:108,126:126,126:144,126:162,126:180,126:198,126:216,126:234,126:252,126:270,126:288,126:306,126:324,126:342,126:360,126:378,126:396,126:414,126:432,126:450,126:468,126:0,144:18,144:36,144:54,144:72,144:90,144:108,144:126,144:144,144:162,144:180,144:198,144:216,144:234,144:252,144:270,144:288,144:306,144:324,144:342,144:360,144:378,144:396,144:414,144:432,144:450,144:468,144:0,162:18,162:36,162:54,162:72,162:90,162:108,162:126,162:144,162:162,162:180,162:198,162:216,162:234,162:252,162:270,162:288,162:306,162:324,162:342,162:360,162:378,162:396,162:414,162:432,162:450,162:468,162:0,180:18,180:36,180:54,180:72,180:90,180:108,180:126,180:144,180:162,180:180,180:198,180:216,180:234,180:252,180:270,180:288,180:306,180:324,180:342,180:360,180:378,180:396,180:414,180:432,180:450,180:468,180:0,198:18,198:36,198:54,198:72,198:90,198:108,198:126,198:144,198:162,198:180,198:198,198:216,198:234,198:252,198:270,198:288,198:306,198:324,198:342,198:360,198:378,198:396,198:414,198:432,198:450,198:468,198:0,216:18,216:36,216:54,216:72,216:90,216:108,216:126,216:144,216:162,216:180,216:198,216:216,216:234,216:252,216:270,216:288,216:306,216:324,216:342,216:360,216:378,216:396,216:414,216:432,216:450,216:468,216:0,234:18,234:36,234:54,234:72,234:90,234:108,234:126,234:144,234:162,234:180,234:198,234:216,234:234,234:252,234:270,234:288,234:306,234:324,234:342,234:360,234:378,234:396,234:414,234:432,234:450,234:468,234:0,252:18,252:36,252:54,252:72,252:90,252:108,252:126,252:144,252:162,252:180,252:198,252:216,252:234,252:252,252:270,252:288,252:306,252:324,252:342,252:360,252:378,252:396,252:414,252:432,252:450,252:468,252:0,270:18,270:36,270:54,270:72,270:90,270:108,270:126,270:144,270:162,270:180,270:198,270:216,270:234,270:252,270:270,270:288,270:306,270:324,270:342,270:360,270:378,270:396,270:414,270:432,270:450,270:468,270:0,288:18,288:36,288:54,288:72,288:90,288:108,288:126,288:144,288:162,288:180,288:198,288:216,288:234,288:252,288:270,288:288,288:306,288:324,288:342,288:360,288:378,288:396,288:414,288:432,288:450,288:468,288:0,306:18,306:36,306:54,306:72,306:90,306:108,306:126,306:144,306:162,306:180,306:198,306:216,306:234,306:252,306:270,306:288,306:306,306:324,306:342,306:360,306:378,306:396,306:414,306:432,306:450,306:468,306:0,324:18,324:36,324:54,324:72,324:90,324:108,324:126,324:144,324:162,324:180,324:198,324:216,324:234,324:252,324:270,324:288,324:306,324:324,324:342,324:360,324:378,324:396,324:414,324:432,324:450,324:468,324:0,342:18,342:36,342:54,342:72,342:90,342:108,342:126,342:144,342:162,342:180,342:198,342:216,342:234,342:252,342:270,342:288,342:306,342:324,342:342,342:360,342:378,342:396,342:414,342:432,342:450,342:468,342:0,360:18,360:36,360:54,360:72,360:90,360:108,360:126,360:144,360:162,360:180,360:198,360:216,360:234,360:252,360:270,360:288,360:306,360:324,360:342,360:360,360:378,360:396,360:414,360:432,360:450,360:468,360:0,378:18,378:36,378:54,378:72,378:90,378:108,378:126,378:144,378:162,378:180,378:198,378:216,378:234,378:252,378:270,378:288,378:306,378:324,378:342,378:360,378:378,378:396,378:414,378:432,378:450,378:468,378:0,396:18,396:36,396:54,396:72,396:90,396:108,396:126,396:144,396:162,396:180,396:198,396:216,396:234,396:252,396:270,396:288,396:306,396:324,396:342,396:360,396:378,396:396,396:414,396:432,396:450,396:468,396:0,414:18,414:36,414:54,414:72,414:90,414:108,414:126,414:144,414:162,414:180,414:198,414:216,414:234,414:252,414:270,414:288,414:306,414:324,414:342,414:360,414:378,414:396,414:414,414:432,414:450,414:468,414:0,432:18,432:36,432:54,432:72,432:90,432:108,432:126,432:144,432:162,432:180,432:198,432:216,432:234,432:252,432:270,432:288,432:306,432:324,432:342,432:360,432:378,432:396,432:414,432:432,432:450,432:468,432:0,450:18,450:36,450:54,450:72,450:90,450:108,450:126,450:144,450:162,450:180,450:198,450:216,450:234,450:252,450:270,450:288,450:306,450:324,450:342,450:360,450:378,450:396,450:414,450:432,450:450,450:468,450:0,468:18,468:36,468:54,468:72,468:90,468:108,468:126,468:144,468:162,468:180,468:198,468:216,468:234,468:252,468:270,468:288,468:306,468:324,468:342,468:360,468:378,468:396,468:414,468:432,468:450,468:468,468:0,486:18,486:36,486:54,486:72,486:90,486:108,486:126,486:144,486:162,486:180,486:198,486:216,486:234,486:252,486:270,486:288,486:306,486:324,486:342,486:360,486:378,486:396,486:414,486:432,486:450,486:468,486:0,504:18,504:36,504:54,504:72,504:90,504:108,504:126,504:144,504:162,504:180,504:198,504:216,504:234,504:252,504:270,504:288,504:306,504:324,504:342,504:360,504:378,504:396,504:414,504:432,504:450,504:468,504:0,522:18,522:36,522:54,522:72,522:90,522:108,522:126,522:144,522:162,522:180,522:198,522:216,522:234,522:252,522:270,522:288,522:306,522:324,522:342,522:360,522:378,522:396,522:414,522:432,522:450,522:468,522:0,540:18,540:36,540:54,540:72,540:90,540:108,540:126,540:144,540:162,540:180,540:198,540:216,540:234,540:252,540:270,540:288,540:306,540:324,540:342,540:360,540:378,540:396,540:414,540:432,540:450,540:468,540:0,558:18,558:36,558:54,558:72,558:90,558:108,558:126,558:144,558:162,558:180,558:198,558:216,558:234,558:252,558:270,558:288,558:306,558:324,558:342,558:360,558:378,558:396,558:414,558:432,558:450,558:468,558:0,576:18,576:36,576:54,576:72,576:90,576:108,576:126,576:144,576:162,576:180,576:198,576:216,576:234,576:252,576:270,576:288,576:306,576:324,576:342,576:360,576:378,576:396,576:414,576:432,576:450,576:468,576:0,592:18,592:36,592:54,592:72,592:90,592:108,592:126,592:144,592:162,592:180,592:198,592:216,592:234,592:252,592:270,592:288,592:306,592:324,592:342,592:360,592:378,592:396,592:414,592:432,592:450,592:468,592:0,610:18,610:36,610:54,610:72,610:90,610:108,610:126,610:144,610:162,610:180,610:198,610:216,610:234,610:252,610:270,610:288,610:306,610:324,610:342,610:360,610:378,610:396,610:414,610:432,610:450,610:468,610:0,628:18,628:36,628:54,628:72,628:90,628:108,628:126,628:144,628:162,628:180,628:198,628:216,628:234,628:252,628:270,628:288,628:306,628:324,628:342,628:360,628:378,628:396,628:414,628:432,628:450,628:468,628
20;1,2;0,0:18,0:36,0
21;2,2;0,0:36,0:72,0:108,0:144,0:180,0:216,0:252,0:288,0:324,0:360,0:396,0:432,0:468,0:504,0:540,0:576,0:612,0:648,0:684,0:720,0:756,0:792,0:828,0:864,0:900,0:936,0:972,0:1008,0:1044,0:1080,0:1116,0:1152,0:1188,0:1224,0:1260,0:1296,0:1332,0:1368,0:1404,0:1440,0:1476,0:1512,0:1548,0:1584,0:1620,0:1656,0:1692,0:1728,0:1764,0:1800,0:1836,0
22;;
23;;
24;;0,0:18,0:36,0:54,0:72,0:90,0:144,0:108,0:126,0:162,0:180,0:198,0:216,0:234,0:252,0:270,0:288,0:306,0:324,0:342,0:360,0:378,0:396,0
25;;
26;3,2;0,0:54,0
27;2,4;0,0:36,0:72,0
28;2,2;0,0:36,0:72,0:0,36:36,36:72,36:0,72:36,72:72,72:0,108:36,108:72,108:0,144:36,144:72,144:0,180:36,180:72,180:0,216:36,216:72,216:0,252:36,252:72,252:0,288:36,288:72,288:0,324:36,324:72,324:0,360:36,360:72,360:0,396:36,396:72,396:0,432:36,432:72,432:0,468:36,468:72,468:0,504:36,504:72,504:0,540:36,540:72,540:0,576:36,576:72,576:0,612:36,612:72,612:0,648:36,648:36,648:72,648:0,684:36,684:72,684:0,720:36,720:72,720:0,756:36,756:72,756:0,792:36,792:72,792:0,828:36,828:72,828:0,864:36,864:72,864:0,900:36,900:72,900:0,936:36,936:72,936:0,972:36,972:72,972:0,1008:36,1008:72,1008:0,1044:36,1044:72,1044:0,1080:36,1080:72,1080:0,1116:36,1116:72,1116:0,1152:36,1152:72,1152:0,1188:36,1188:72,1188
29;2,1;0,0
30;;
31;2,2;0,0:36,0
32;;
33;;0,0:18,0:0,22:18,22:0,44:18,44:0,66:18,66:0,88:18,88:0,110:18,110:0,132:18,132:0,154:18,154:0,176:18,176:0,198:18,198:0,220:18,220:0,242:18,242:0,264:18,264:0,286:18,286:0,308:18,308:0,330:18,330:0,352:18,352:0,374:18,374:0,396:18,396:0,418:18,418:0,440:18,440:0,462:18,462:0,484:18,484:0,506:18,506:0,528:18,528:0,550:18,550:0,572:18,572:0,594:18,594:0,616:18,616:0,638:18,638:0,660:18,660
34;3,3;0,0:54,0:0,54:54,54:0,108:54,108:0,162:54,162:0,216:54,216:0,270:54,270:0,324:54,324:0,378:54,378:0,432:54,432:0,486:54,486:0,540:54,540:0,594:54,594:0,648:54,648:0,702:54,702:0,756:54,756:0,810:54,810:0,864:54,864:0,918:54,918:0,972:54,972:0,1026:54,1026:0,1080:54,1080:0,1134:54,1134:0,1188:54,1188:0,1242:54,1242:0,1296:54,1296:0,1350:54,1350:0,1404:54,1404:0,1458:54,1458:0,1512:54,1512:0,1566:54,1566:0,1620:54,1620:0,1674:54,1674:0,1728:54,1728:0,1782:54,1782:0,1836:54,1836:0,1890:54,1890:0,1944:54,1944:108,0:162,0
35;2,2;0,0:36,0:0,36:36,36:0,72:36,72:0,108:36,108:0,144:36,144:0,180:36,180:0,216:36,216:0,252:36,252:0,288:36,288
36;;0,0:18,0:36,0:54,0:72,0:90,0:108,0:126,0
37;;
38;;
39;;
40;;
41;;
42;1,2;0,0:18,0:0,36:18,36:0,72:18,72:0,108:18,108:0,144:18,144:0,180:18,180:0,216:18,216:0,252:18,252:0,288:18,288:0,324:18,324:0,360:18,360:0,396:18,396:0,432:18,432:0,468:18,468:0,504:18,504:0,540:18,540:0,576:18,576:0,612:18,612:0,648:18,648:0,684:18,684:0,720:18,720:0,756:18,756:0,792:18,792:0,828:18,828:0,864:18,864:0,900:18,900:0,936:18,936:0,972:18,972:0,1008:18,1008:0,1044:18,1044:0,1080:18,1080:0,1116:18,1116:0,1152:18,1152:0,1188:18,1188:0,1224:18,1224:0,1260:18,1260:0,1296:18,1296:0,1332:18,1332
43;;
44;;
45;;
46;;
47;;
48;;
49;;
50;;0,0:18,0:36,0:54,0:72,0:90,0
51;;
52;;
53;;
54;;
55;2,2;0,0:36,0:72,0:108,0:144,0
56;;
57;;
58;;
59;;
60;;
61;;0,0:18,0:36,0:54,0:72,0:90,0:144,0:108,0:126,0:162,0:180,0:198,0:216,0:234,0:252,0:270,0:288,0:306,0:324,0:342,0:360,0:378,0:396,0
62;;
63;;
64;;
65;;
66;;
67;;
68;;
69;;
70;;
71;;0,0:18,0:36,0:54,0:72,0
72;;0,0:18,0:0,18:18,18:0,36:18,36
73;1,1;0,0:18,0:36,0:54,0:72,0:90,0:108,0:126,0
74;1,1;0,0:18,0:36,0:54,0:72,0:90,0:108,0:126,0
75;;
76;;
77;3,2;
78;1,1;
79;4,2;0,0:72,0:0,36:72,36:0,72:72,72:0,108:72,108:0,144:72,144:0,180:72,180:0,216:72,216:0,252:72,252:0,288:72,288:0,324:72,324:0,360:72,360:0,396:72,396:0,432:72,432:0,468:72,468:0,504:72,504:0,540:72,540:0,576:72,576:0,612:72,612:0,648:72,648:0,684:72,684:0,720:72,720:0,756:72,756:0,792:72,792:0,828:72,828:0,864:72,864:0,900:72,900:0,936:72,936:0,972:72,972:0,1008:72,1008:0,1044:72,1044:0,1080:72,1080:0,1116:72,1116
80;;
81;;0,0:26,0:52,0:78,0:104,0:130,0
82;;0,0:18,0:36,0:54,0:72,0:90,0:108,0
83;;0,0:18,0:36,0:54,0:72,0:90,0:108,0
84;;0,0:18,0:36,0:54,0:72,0:90,0:108,0
85;2,2;0,0:36,0:72,0:108,0:144,0:180,0:216,0:252,0:288,0:324,0:360,0
86;3,2;
87;3,2;0,0:54,0:108,0:162,0:216,0:270,0:324,0:378,0:432,0:486,0:540,0:594,0:648,0:702,0:756,0:810,0:864,0:918,0:972,0:1026,0:1080,0:1134,0:1188,0:1242,0:1296,0:1350,0:1404,0:1458,0:1512,0:1566,0:1620,0:1674,0
88;3,2;0,0:54,0:108,0:162,0:216,0:270,0:324,0:378,0:432,0:486,0:540,0:594,0:648,0:702,0:756,0:810,0:864,0:918,0:972,0:1026,0:1080,0:1134,0:1188,0:1242,0:1296,0:1350,0:1404,0:1458,0:1512,0:1566,0:1620,0:1674,0
89;3,2;0,0:54,0:108,0:162,0:216,0:270,0:324,0:378,0:432,0:486,0:540,0:594,0:648,0:702,0:756,0:810,0:864,0:918,0:972,0:1026,0:1080,0:1134,0:1188,0:1242,0:1296,0:1350,0:1404,0:1458,0:1512,0:1566,0:1620,0:1674,0:1728,0:1782,0:1836,0
90;4,2;0,0:72,0:0,36:72,36:0,72:72,72:0,108:72,108:0,144:72,144:0,180:72,180:0,216:72,216:0,252:72,252:0,288:72,288:0,324:72,324:0,360:72,360:0,396:72,396:0,432:72,432:0,468:72,468:0,504:72,504:0,540:72,540:0,576:72,576:0,612:72,612:0,648:72,648:0,684:72,684:0,720:72,720:0,756:72,756:0,792:72,792:0,828:72,828:0,864:72,864:0,900:72,900:72,936:0,936:72,972:0,972:72,1008:0,1008:72,1044:0,1044:72,1080:0,1080:72,1116:0,1116
91;1,3;0,0:18,0:36,0:54,0:72,0:90,0:108,0:126,0:144,0:162,0:180,0:198,0:216,0:234,0:252,0:270,0:288,0:306,0:324,0:342,0:360,0:378,0:396,0:414,0:432,0:450,0:468,0:486,0:504,0:522,0:540,0:558,0:576,0:594,0:612,0:630,0:648,0:666,0:684,0:702,0:720,0:738,0:756,0:774,0:792,0:810,0:828,0:846,0:864,0:882,0:900,0:918,0:936,0:954,0:972,0:990,0:1008,0:1026,0:1044,0:1062,0:1080,0:1098,0:1116,0:1134,0:1152,0:1170,0:1188,0:1206,0:1224,0:1242,0:1260,0:1278,0:1296,0:1314,0:1332,0:1350,0:1368,0:1386,0:1404,0:1422,0:1440,0:1458,0:1476,0:1494,0:1512,0:1530,0:1548,0:1566,0:1584,0:1602,0:1620,0:1638,0:1656,0:1674,0:1692,0:1710,0:1728,0:1746,0:1764,0:1782,0:1800,0:1818,0:1836,0:1854,0:1872,0:1890,0:1908,0:1926,0:1944,0:1962,0:1980,0:0,54:18,54:36,54:54,54:72,54:90,54:108,54:126,54:144,54:162,54:180,54:198,54:216,54:234,54:252,54:270,54:288,54:306,54:324,54:342,54:360,54:378,54:396,54:414,54:432,54:450,54:468,54:486,54:504,54:522,54:540,54:558,54:576,54:594,54:612,54:630,54:648,54:666,54:684,54:702,54:720,54:738,54:756,54:774,54:792,54:810,54:828,54:846,54:864,54:882,54:900,54:918,54:936,54:954,54:972,54:990,54:1008,54:1026,54:1044,54:1062,54:1080,54:1098,54:1116,54:1134,54:1152,54:1170,54:1188,54:1206,54:1224,54:1242,54:1260,54:1278,54:1296,54:1314,54:1332,54:1350,54:1368,54:1386,54:1404,54:1422,54:1440,54:1458,54:1476,54:1494,54:1512,54:1530,54:1548,54:1566,54:1584,54:1602,54:1620,54:1638,54:1656,54:1674,54:1692,54:1710,54:1728,54:1746,54:1764,54:1782,54:1800,54:1818,54:1836,54:1854,54:1872,54:1890,54:1908,54:1926,54:1944,54:1962,54:1980,54:0,108:18,108:36,108:54,108:72,108:90,108:108,108:126,108:144,108:162,108:180,108:198,108:216,108:234,108:252,108:270,108:288,108:306,108:324,108:342,108:360,108:378,108:396,108:414,108:432,108:450,108:468,108:486,108:504,108:522,108:540,108:558,108:576,108:594,108:612,108:630,108:648,108:666,108:684,108:702,108:720,108:738,108:756,108:774,108:792,108:810,108:828,108:846,108:864,108:882,108:900,108:918,108:936,108:954,108:972,108:990,108:1008,108:1026,108:1044,108:1062,108:1080,108:1098,108:1116,108:1134,108:1152,108:1170,108
92;1,6;0,0:18,0
93;1,3;0,0:18,0:0,54:18,54:0,108:18,108:0,162:18,162:0,216:18,216:0,270:18,270:0,324:18,324:0,378:18,378:0,432:18,432:0,486:18,486:0,540:18,540:0,594:18,594:0,648:18,648:0,702:18,702:0,756:18,756:0,810:18,810:0,864:18,864:0,918:18,918:0,972:18,972:0,1026:18,1026:0,1080:18,1080:0,1134:18,1134:0,1188:18,1188:0,1242:18,1242:0,1296:18,1296:0,1350:18,1350:0,1404:18,1404:0,1458:18,1458:0,1512:18,1512:0,1566:18,1566:0,1620:18,1620:0,1674:18,1674
94;2,2;
95;2,2;0,0:36,0
96;2,2;0,0:36,0
97;2,2;
98;2,2;
99;2,2;
100;2,2;0,0:36,0:0,36:36,36:0,72:36,72:0,108:36,108:0,144:36,144:0,180:36,180:0,216:36,216:0,252:36,252:0,288:36,288:0,324:36,324:0,360:36,360:0,396:36,396:0,432:36,432:0,468:36,468:0,504:36,504:0,540:36,540:0,576:36,576:0,612:36,612:0,648:36,648:0,684:36,684:0,720:36,720:0,756:36,756:0,792:36,792:0,828:36,828:0,864:36,864:0,900:36,900:0,936:36,936:0,972:36,972:0,1008:36,1008:0,1044:36,1044:0,1080:36,1080:0,1116:36,1116
101;3,4;0,0:54,0:108,0:162,0:216,0:270,0:324,0:378,0:432,0:486,0:540,0:594,0:648,0:702,0:756,0:810,0:864,0:918,0:972,0:1026,0:1080,0:1134,0:1188,0:1242,0:1296,0:1350,0:1404,0:1458,0:1512,0:1566,0:1620,0:1674,0:1728,0
102;3,4;
103;2,1;0,0:36,0:72,0:108,0
104;2,5;0,0:36,0:72,0:108,0:144,0:180,0:216,0:252,0:288,0:324,0:360,0:396,0:432,0:468,0:504,0:540,0:576,0:612,0:648,0:684,0:720,0:756,0:792,0:828,0:864,0:900,0:936,0:972,0:1008,0:1044,0:1080,0:1116,0:1152,0
105;2,3;0,0:36,0:72,0:108,0:144,0:180,0:216,0:252,0:288,0:324,0:360,0:396,0:432,0:468,0:504,0:540,0:576,0:612,0:648,0:684,0:720,0:756,0:792,0:828,0:864,0:900,0:936,0:972,0:1008,0:1044,0:1080,0:1116,0:1152,0:1188,0:1224,0:1260,0:1296,0:1332,0:1368,0:1404,0:1440,0:1476,0:1512,0:1548,0:1584,0:1620,0:1656,0:1692,0:1728,0:1764,0:1800,0:1836,0:1872,0:1908,0:1944,0:0,54:36,54:72,54:108,54:144,54:180,54:216,54:252,54:288,54:324,54:360,54:396,54:432,54:468,54:504,54:540,54:576,54:612,54:648,54:684,54:720,54
106;3,3;
107;;
108;;
109;;
110;;0,0:18,0:36,0:54,0:72,0:90,0:144,0:108,0:126,0:162,0:180,0:198,0:216,0:234,0:252,0:270,0:288,0:306,0:324,0:342,0:360,0:378,0:396,0
111;;
112;;
113;;0,0:18,0:36,0:54,0:72,0:90,0:108,0:126,0
114;3,2;
115;;
116;;
117;;
118;;
119;;
120;;
121;;
122;;
123;;
124;;
125;2,2;
126;2,2;0,0:36,0
127;;
128;2,3;0,0:36,0
129;;0,0:0,18:0,36:0,54:108,0:108,18:108,36:108,54:54,0:54,18:54,36:54,54:18,0:18,18:18,36:18,54:126,0:126,18:126,36:126,54:72,0:72,18:72,36:72,54:36,0:36,18:36,36:36,54:144,0:144,18:144,36:144,54:90,0:90,18:90,36:90,54
130;;
131;;
132;2,2;0,0:36,0:72,0:108,0
133;3,2;0,0:54,0
134;2,1;0,0:36,0
135;;0,0:0,18:0,36:0,54:0,72:0,90:0,108
136;;0,0:18,18:36,0:54,0:0,18:18,0:36,18:54,18
137;;0,0:18,0:36,0:54,0:72,0:90,0:0,18:18,18:36,18:54,18:72,18:90,18:0,36:18,36:36,36:54,36:72,36:90,36:0,54:18,54:36,54:54,54:72,54:0,72:18,72:36,72:54,72:72,72
138;2,2;
139;2,2;0,0:36,0:0,36:36,36:0,72:36,72:0,108:36,108:0,144:36,144:0,180:36,180:0,216:36,216:0,252:36,252:0,288:36,288:0,324:36,324:0,360:36,360:0,396:36,396:0,432:36,432:0,468:36,468:0,504:36,504:0,540:36,540:0,576:36,576:0,612:36,612:0,648:36,648:0,684:36,684:0,720:36,720:0,756:36,756:0,792:36,792:0,828:36,828:0,864:36,864:0,900:36,900:0,936:36,936:0,972:36,972:0,1008:36,1008:0,1044:36,1044:0,1080:36,1080:0,1116:36,1116:0,1152:36,1152:0,1188:36,1188:0,1224:36,1224:0,1260:36,1260:0,1296:36,1296:0,1332:36,1332:0,1368:36,1368:0,1404:36,1404
140;;
141;1,1;0,0:0,18
142;2,2;
143;2,2;
144;;0,0:0,18:18,0:18,18:36,0:36,18
145;;
146;;
147;;
148;;
149;1,1;0,0:0,18:0,36:0,54:54,0:54,18:54,36:54,54:18,0:18,18:18,36:18,54:72,0:72,18:72,36:72,54:36,0:36,18:36,36:36,54:90,0:90,18:90,36:90,54
150;;
151;;
152;;
153;;
154;;
155;;
156;;
157;;
158;;
159;;
160;;
161;;
162;;
163;;
164;;
165;;
166;;
167;;
168;;
169;;
170;;
171;4,8;
172;2,2;0,0:0,38:0,76:0,114:0,152:0,190:0,228:0,266:0,304:0,342:0,380:0,418:0,456:0,494:0,532:0,570:0,608:0,646:0,684:0,722:0,760:0,798:0,836:0,874:0,912:0,950:0,988:0,1026:0,1064:0,1102:0,1140:0,1178:0,1216
173;2,2;0,0:36,0
174;;0,0:18,0
175;;
176;;
177;;
178;;0,0:0,18:0,36:0,54:0,72:0,90:0,108:0,126:0,144:0,162:0,180:0,198:18,0:18,18:18,36:18,54:18,72:18,90:18,108:18,126:18,144:18,162:18,180:18,198:36,0:36,18:36,36:36,54:36,72:36,90:36,108:36,126:36,144:36,162:36,180:36,198:54,0:54,18:54,36:54,54:54,72:54,90:54,108:54,126:54,144:54,162:54,180:54,198:72,0:72,18:72,36:72,54:72,72:72,90:72,108:72,126:72,144:72,162:72,180:72,198:90,0:90,18:90,36:90,54:90,72:90,90:90,108:90,126:90,144:90,162:90,180:90,198:108,0:108,18:108,36:108,54:108,72:108,90:108,108:108,126:108,144:108,162:108,180:108,198
179;;
180;;
181;;
182;;
183;;
184;;0,0:0,18:0,36:0,54:0,72:0,90:0,108:0,126:0,144:0,162:0,180:0,198:22,0:22,18:22,36:22,54:22,72:22,90:22,108:22,126:22,144:22,162:22,180:22,198:44,0:44,18:44,36:44,54:44,72:44,90:44,108:44,126:44,144:44,162:44,180:44,198:66,0:66,18:66,36:66,54:66,72:66,90:66,108:66,126:66,144:66,162:66,180:66,198:88,0:88,18:88,36:88,54:88,72:88,90:88,108:88,126:88,144:88,162:88,180:88,198:110,0:110,18:110,36:110,54:110,72:110,90:110,108:110,126:110,144:110,162:110,180:110,198
185;;
186;3,2;0,0:54,0:108,0:162,0:216,0:270,0:324,0:378,0:432,0:486,0:540,0:594,0:648,0:702,0:756,0:810,0:864,0:918,0:972,0:1026,0:1080,0:1134,0:1188,0:1242,0:1296,0:1350,0:1404,0:1458,0:1512,0:1566,0:1620,0:1674,0:1728,0:1782,0:1836,0
187;3,2;0,0:54,0:108,0:162,0:216,0:270,0:324,0:378,0:432,0:486,0:540,0:594,0:648,0:702,0:756,0:810,0:864,0:918,0:972,0:1026,0:1080,0:1134,0:1188,0:1242,0:1296,0:1350,0:1404,0:1458,0:1512,0:1566,0:1620,0:1674,0:1728,0:1782,0:1836,0:0,36:54,36:108,36:162,36:216,36:270,36:324,36:378,36:432,36:486,36:540,36:594,36
188;;
189;;
190;;
191;;
192;;
193;;
194;;
195;;
196;;
197;;
198;;
199;;
200;;
201;;0,0:18,0:36,0:54,0:72,0:90,0:108,0:126,0:144,0:162,0:180,0:198,0:216,0:234,0:252,0
202;;
203;;
204;;
205;;
206;;
207;2,4;0,0:0,72:36,0:36,72:72,0:72,72:108,0:108,72:144,0:144,72:180,0:180,72:216,0:216,72:252,0:252,72
208;;
209;4,3;0,0:0,54:0,108:0,162:0,216:0,270:0,324:0,378:0,432:72,0:72,54:72,108:72,162:72,216:72,270:72,324:72,378:72,432:144,0:144,54:144,108:144,162:144,216:144,270:144,324:144,378:144,432:216,0:216,54:216,108:216,162:216,216:216,270:216,324:216,378:216,432
210;;
211;;
212;3,3;0,0:54,0
213;;
214;;
215;3,2;0,0:0,288:54,0:54,288:108,0:108,288:162,0:162,288:216,0:216,288:270,0:270,288:324,0:324,288:378,0:378,288
216;1,2;0,0:0,40:0,80:0,120
217;3,2;
218;3,2;
219;3,3;
220;3,3;
221;;
222;;
223;;
224;;
225;;
226;;
227;;0,0:34,0:68,0:102,0:136,0:170,0:204,0:238,0:272,0:306,0:340,0:374,0
228;3,3;
229;;
230;;
231;3,3;
232;;
233;;
234;;
235;3,1;0,0
236;2,2;0,0:36,0
237;3,2;
238;2,2;
239;;0,0:18,0:36,0:54,0:72,0:90,0:108,0:126,0:144,0:162,0:180,0:198,0:216,0:234,0:252,0:270,0:288,0:306,0:324,0:342,0:360,0:378,0:396,0
240;3,3;0,0:54,0:108,0:162,0:216,0:270,0:324,0:378,0:432,0:486,0:540,0:594,0:648,0:702,0:756,0:810,0:864,0:918,0:972,0:1026,0:1080,0:1134,0:1188,0:1242,0:1296,0:1350,0:1404,0:1458,0:1512,0:1566,0:1620,0:1674,0:1728,0:1782,0:1836,0:1890,0:0,54:54,54:108,54:162,54:216,54:270,54:324,54:378,54:432,54:486,54:540,54:594,54:648,54:702,54:756,54:810,54:864,54:918,54:972,54:1026,54:1080,54:1134,54:1188,54:1242,54:1295,54:1350,54:1404,54:1458,54:1512,54:1566,54:1620,54:1674,54:1728,54:1782,54:1836,54:1890,54
241;4,3;0,0:0,54:0,108:0,162:0,216:0,270:0,324:0,378:0,432
242;6,4;0,0:0,72:0,144:0,216:0,288:0,360:0,432:0,504:0,576:0,648:0,720:0,792:0,864:0,936:0,1008:0,1080:0,1152:0,1224:0,1296:0,1368:0,1440:0,1512:0,1584:0,1656:0,1728:0,1800:0,1872:108,0:108,72:108,144:108,216:108,288:108,360:108,432:108,504:108,576:108,648:108,720:108,792:108,864:108,936:108,1008:108,1080:108,1152:108,1224:108,1296:108,1368:108,1440:108,1512:108,1584:108,1656:108,1728:108,1800:108,1872
243;3,3;
244;3,2;
245;2,3;0,0:36,0:72,0:108,0:144,0:180,0:216,0
246;3,2;0,0:0,36:0,72:0,108:0,144:0,180:0,216:0,252:0,288:0,324:0,360:0,396:0,432:0,468:0,504:0,540:0,576:0,612:0,648
247;3,3;
248;;
249;;
250;;
251;;
252;;
253;;
254;2,2;0,0:0,36:0,72:0,108:0,144:0,180:36,0:36,36:36,72:36,108:36,144:36,180:72,0:72,36:72,72:72,108:72,144:72,180:108,0:108,36:108,72:108,108:108,144:108,180:144,0:144,36:144,72:144,108:144,144:144,180
255;;
256;;
257;;
258;;
259;;
260;;
261;;
262;;
263;;
264;;
265;;
266;;
267;;
268;;
269;2,3;0,0:36,0
270;1,2;
271;1,2;
272;;
273;;
274;;
275;6,3;
276;6,3;
277;6,3;
278;6,3;
279;6,3;
280;6,3;
281;6,3;
282;2,2;
283;3,3;
284;;
285;3,2;
286;3,2;
287;2,2;
288;2,2;
289;2,2;
290;2,2;
291;2,2;
292;2,2;
293;2,2;
294;2,2;
295;2,2;
296;6,3;
297;6,3;
298;3,2;
299;3,2;
300;3,3;
301;3,3;
302;3,3;
303;3,3;
304;3,3;
305;3,3;
306;3,3;
307;3,3;
308;3,3;
309;6,3;
310;3,2;
311;;
312;;
313;;
314;;
315;;
316;2,2;
317;2,2;
318;2,2;
319;2,2;
320;2,3;
321;;
322;;
323;;0,0:22,0:44,0:66,0:88,0:110,0:132,0:154,0:176,0:198,0:220,0
324;;0,0:22,0:44,0:0,22:22,22:44,22
325;;
326;;
327;;
328;;
329;;
330;;
331;;
332;;
333;;
334;3,3;0,0:54,0
335;2,2;
336;;
337;2,3;0,0:36,0:72,0:108,0:144,0:180,0:216,0:252,0:288,0:324,0:360,0:396,0:432,0:468,0:504,0:540,0:576,0:612,0:648,0:684,0:720,0:756,0:792,0:828,0:864,0:900,0:936,0:972,0:1008,0:1044,0:1080,0:1116,0:1152,0:1188,0:1224,0:1260,0
338;1,2;
339;3,2;
340;;
341;;
342;;
343;;
344;;
345;;
346;;
347;;
348;;
349;2,3;
350;;
351;;
352;;
353;;
354;3,3;
355;3,3;
356;2,3;
357;;
358;6,3;
359;6,3;
360;2,2;
361;3,2;
362;3,2;
363;3,2;
364;3,2;
365;;
366;;
367;;
368;;
369;;
370;;
371;;
372;1,1;
373;1,1;
374;1,1;
375;1,1;
376;2,2;0,0:36,0:72,0:108,0:144,0:180,0:216,0:252,0:288,0
377;3,2;0,0:54,0
378;2,3;0,0:36,0
379;;
380;1,1;0,0:18,0:36,0:54,0:0,18:18,18:36,18:54,18:0,36:18,36:36,36:54,36:0,54:18,54:36,54:54,54:0,72:18,72:36,72:54,72:0,90:18,90:36,90:54,90:0,108:18,108:36,108:54,108:0,126:18,126:36,126:54,126
381;;
382;;
383;;
384;;
385;;
386;2,2;0,0:36,0
387;2,1;
388;1,5;0,0:0,94
389;1,5;0,0:0,94
390;1,2;
391;3,2;
392;3,2;
393;3,2;
394;3,2;
395;2,2;0,0:36,0:72,0:108,0:144,0
396;;
397;;
398;;
399;;
400;;
401;;
402;;
403;;
404;;
405;3,2;0,0:54,0
406;3,3;
407;;
408;;
409;;
410;2,3;0,0:36,0:72,0:108,0
411;2,2;0,0:36,0
412;3,3;
413;6,3;
414;6,3;
415;;
416;;
417;;
418;;
419;;0,0:18,0:36,0
420;;0,0:18,0:36,0:0,18:18,18:36,18:0,36:18,36:36,36:0,54:18,54:36,54:0,72:18,72:36,72:0,90:18,90:36,90
421;;
422;;
423;;0,0:0,18:0,36:0,54:0,72:0,90:0,108
424;;0,0:18,0:36,0
425;2,2;0,0:36,0:72,0:108,0:144,0
426;;
427;;0,0:18,0:36,0:54,0:72,0:90,0:108,0:126,0:144,0:162,0:180,0:198,0:216,0:234,0:252,0:270,0:288,0:306,0:324,0:342,0:360,0:378,0:396,0:414,0:432,0:450,0:468,0
428;;0,0:0,18:0,36:0,54
429;;0,0:18,0:36,0:54,0:72,0:90,0:108,0:126,0:144,0:162,0:180,0:198,0:216,0:234,0:252,0:270,0
430;;
431;;
432;;
433;;
434;;
435;;0,0:18,0:36,0:54,0:72,0:90,0:108,0:126,0:144,0:162,0:180,0:198,0:216,0:234,0:252,0:270,0:288,0:306,0:324,0:342,0:360,0:378,0:396,0:414,0:432,0:450,0:468,0
436;;0,0:18,0:36,0:54,0:72,0:90,0:108,0:126,0:144,0:162,0:180,0:198,0:216,0:234,0:252,0:270,0:288,0:306,0:324,0:342,0:360,0:378,0:396,0:414,0:432,0:450,0:468,0
437;;0,0:18,0:36,0:54,0:72,0:90,0:108,0:126,0:144,0:162,0:180,0:198,0:216,0:234,0:252,0:270,0:288,0:306,0:324,0:342,0:360,0:378,0:396,0:414,0:432,0:450,0:468,0
438;;0,0:18,0:36,0:54,0:72,0:90,0:108,0:126,0:144,0:162,0:180,0:198,0:216,0:234,0:252,0:270,0:288,0:306,0:324,0:342,0:360,0:378,0:396,0:414,0:432,0:450,0:468,0
439;;0,0:18,0:36,0:54,0:72,0:90,0:108,0:126,0:144,0:162,0:180,0:198,0:216,0:234,0:252,0:270,0:288,0:306,0:324,0:342,0:360,0:378,0:396,0:414,0:432,0:450,0:468,0
440;3,3;0,0:0,54:54,0:54,54:108,0:108,54:162,0:162,54:216,0:216,54:270,0:270,54:324,0:324,54
441;2,2;0,0:36,0:72,0:108,0:144,0:180,0:216,0:252,0:288,0:324,0:360,0:396,0:432,0:468,0:504,0:540,0:576,0:612,0:648,0:684,0:720,0:756,0:792,0:828,0:864,0:900,0:936,0:972,0:1008,0:1044,0:1080,0:1116,0:1152,0:1188,0:1224,0:1260,0:1296,0:1332,0:1368,0:1404,0:1440,0:1476,0:1512,0:1548,0:1584,0:1620,0:1656,0:1692,0:1728,0:1764,0:1800,0:1836,0
442;;0,0:22,0:44,0:66,0
443;2,1;
444;2,2;
445;;
446;;
447;;
448;;
449;;
450;;
451;;
452;3,2;
453;1,3;0,0:18,0:36,0:54,0:72,0:90,0
454;4,3;
455;3,3;
456;2,3;
457;2,2;0,0:36,0:72,0:108,0:144,0
458;;
459;;
460;;
461;1,1;
462;2,1;
463;3,4;
464;5,4;
465;2,3;
466;5,4;
467;2,2;0,0:36,0:72,0:108,0:144,0:180,0:216,0:252,0:288,0:324,0:360,0:396,0:432,0:468,0
468;2,2;
469;3,2;0,0
470;2,3;0,0:36,0
471;3,3;0,0:54,0
472;;
473;;
474;;
475;3,4;
476;1,1;
477;;
478;;
479;;
480;2,3;0,0
481;;
482;;
483;;
484;2,2;
485;2,2;
486;3,2;
487;4,2;0,0:0,38
488;3,2;
489;2,3;
490;2,2;
491;3,3;
492;;
493;1,2;0,0:0,36:0,72:0,108:0,144:0,180
494;1,1;
495;;
496;;
497;1,2;0,0:0,40:0,80:0,120:0,160:0,200:0,240:0,280:0,320:0,360:0,400:0,440:0,480:0,520:0,560:0,600:0,640:0,680:0,720:0,760:0,800:0,840:0,880:0,920:0,960:0,1000:0,1040:0,1080:0,1120:0,1160:0,1200:0,1240:0,1280:0,1320:0,1360:0,1400:0,1440:0,1480:0,1520:0,1560
498;;
499;3,3;
500;;
501;;
502;;
503;;
504;;
505;2,2;
506;2,3;
507;;
508;;
509;2,3;
510;2,2;0,0:36,0:72,0:108,0
511;2,2;0,0:36,0:72,0:108,0
512;;
513;;
514;;
515;;
516;;
517;;
518;;
519;;
520;1,1;
521;2,2;
522;2,2;
523;2,2;
524;2,2;
525;2,2;
526;2,2;
527;2,2;
528;;
529;1,2;0,0
530;3,2;0,0
531;2,3;0,0
532;3,2;
533;3,2;
534;;
535;;
536;;
537;;
538;3,2;
539;;
540;;
541;;
542;6,3;
543;2,2;
544;3,2;
545;2,3;0,0
546;;
547;2,5;0,0:0,90:0,180:0,270:0,360
548;3,6;0,0:0,108:0,216:0,324:0,432:0,540:0,648:0,756:0,864
549;;0,0
550;6,3;
551;6,3;
552;3,2;0,0
553;6,3;
554;6,3;
555;3,2;
556;3,2;
557;;
558;6,3;
559;6,3;
560;2,3;0,0:0,54:0,108
561;;
562;;
563;;
564;2,2;0,0
565;2,2;
566;;
567;1,2;0,0
568;2,2;
569;2,2;
570;2,2;
571;;0,0
572;1,2;0,0:0,36:0,72:0,108:0,144:0,180
573;2,2;0,0:36,0:72,0:108,0:144,0
574;;
575;;
576;;
577;;
578;;
579;1,1;0,0
580;2,2;
581;1,2;
582;3,2;
583;;0,0
584;;0,0
585;;0,0
586;;0,0
587;;0,0
588;;0,0
589;;0,0
590;1,2;0,0:0,38:0,76:0,114:0,152:0,190:0,228
591;2,3;0,0:0,54:0,108:0,162:0,216:0,270:0,324:0,378:0,432
592;2,3;
593;1,1;
594;2,2;
595;1,2;0,0
596;;0,0
597;3,4;0,0:54,0:108,0:162,0:216,0:270,0:324,0:378,0:432,0
598;2,2;
599;6,3;
600;6,3;
601;6,3;
602;6,3;
603;6,3;
604;6,3;
605;6,3;
606;6,3;
607;6,3;
608;6,3;
609;6,3;
610;6,3;
611;6,3;
612;6,3;
613;3,5;0,0:0,90
614;3,6;
615;1,2;0,0
616;;0,0
617;3,4;0,0:0,72:0,144:0,216:0,288:0,360:0,432:0,504:0,576:0,648:0,720:0,792:0,864:0,936:0,1008:0,1080:0,1152:0,1224:0,1296:0,1368:0,1440:0,1512:0,1584:0,1656:0,1728:0,1800:0,1872
618;;
619;3,2;
620;2,2;
621;2,2;0,0
622;2,2;0,0
623;2,5;0,0:0,90:0,180:0,270
624;1,1;0,0